X,Y,id,type,name,floor
243.514799833596,415.09002459405,1,room,room01,1
213.04681569894,426.690220388438,2,room,room02,1
191.244038061296,416.487638545181,3,room,room03,1
